frame_nmr,car_id,car_bbox,license_plate_bbox,license_plate_bbox_score,license_number,license_number_score
1097,761,1205.7262063477847 584.5010129894829 1559.292221392977 814.077283615751,1444.664794921875 665.5872192382812 1511.1368408203125 694.7537231445312,0.5184518694877625,JI73JIS,0.04948230985143767
